{"cameraMode":{"drawMode":0,"name":"Shaded","section":"Shading Mode"},"sceneLighting":false,"audioPlay":false,"sceneViewState":{"showFog":true,"showMaterialUpdate":false,"showSkybox":false,"showFlares":true,"showImageEffects":true,"showParticleSystems":true},"in2DMode":false,"pivot":{"x":0.14082445204257966,"y":0.875124990940094,"z":-0.044387608766555789},"rotation":{"x":-0.0886087715625763,"y":0.16682513058185578,"z":0.015054979361593724,"w":0.9818821549415588},"size":2.356679916381836,"orthographic":false}